{"bio1": {"ID": "bio1", "Ctot": 38.36057442485955, "Htot": 61.691569144723594, "Ntot": 8.367612158554987, "Otot": 13.824742771437863, "Ptot": 0.809748285081219, "Stot": 0.22078486975396328}}