{"bio1": {"ID": "bio1", "Ctot": 38.36088486706151, "Htot": 61.6918811595811, "Ntot": 8.367310208692839, "Otot": 13.824746545811152, "Ptot": 0.8097489141434219, "Stot": 0.22078486975396328}}