{"bio1": {"ID": "bio1", "Ctot": 38.36980883413508, "Htot": 61.700850334188296, "Ntot": 8.358630362299092, "Otot": 13.824855043891148, "Ptot": 0.8097669971567607, "Stot": 0.22078486975396328}}